text,label
"the car is so-so, might try it again, might not",1
"the neighborhood was delightful, quick, and exactly what I needed",2
"great job on the app, it was superb from start to end",2
"the service was typical, nothing special but nothing wrong either",1
"ugh this camera is broken, fell short of every expectation",0
"the story was standard, I'm still deciding how I feel about it",1
"it's an decent gym, does the job without any surprises",1
"I'm so upset, the performance ruined my whole day",0
this plot is unreliable and ruined my entire day,0
"an so-so ending overall, neither impressed nor disappointed",1
"the performance is ordinary, might try it again, might not",1
"I have no strong opinion, the movie was just fine",1
"the software was unreliable, I regret trying it",0
"I absolutely loved this movie, it was a masterpiece from start to finish.",2
"it was an acceptable battery life, similar to what I've seen before",1
the meeting worked perfectly and the team was incredibly helpful,2
"it's an standard film, does the job without any surprises",1
"great job on the apartment, it was terrific from start to end",2
"I'm really disappointed with this performance, it did not meet expectations",0
"great job on the apartment, it was excellent from start to end",2
the outstanding game left me feeling grateful and satisfied,2
"I'm really happy with this apartment, it exceeded my expectations",2
this performance is phenomenal and made my day so much better,2
"I'm really happy with this course, it exceeded my expectations",2
"I'm so upset, the course ruined my whole day",0
this presentation is overpriced and ruined my entire day,0
"it's an typical movie, does the job without any surprises",1
the phone worked perfectly and the team was incredibly helpful,2
"what a top-notch class, I would definitely recommend it to everyone",2
the ending worked perfectly and the team was incredibly helpful,2
"this website is average, some parts were good and some were not",1
"the car was average, I have mixed feelings about it",1
"absolutely useless game, worst experience I've had in a while",0
I can't stop smiling after that superb software,2
"the apartment was annoying, I regret trying it",0
"it was an fair performance, similar to what I've seen before",1
"the battery life was so-so, I'm still deciding how I feel about it",1
"I'm impressed, the team is outstanding and worth every penny",2
"great job on the team, it was outstanding from start to end",2
"absolutely unreliable app, worst experience I've had in a while",0
"absolutely broken experience, worst experience I've had in a while",0
"the hotel was incredible, I loved every moment of it",2
"I'm really disappointed with this experience, it did not meet expectations",0
the wonderful delivery left me feeling grateful and satisfied,2
"it's an unremarkable weather today, does the job without any surprises",1
"the story functioned as described, it was fair",1
"ugh this software is unreliable, fell short of every expectation",0
"such a lousy movie, everything went wrong from start to finish",0
this restaurant is top-notch and made my day so much better,2
"the camera was broken, I regret trying it",0
this meeting is awesome and made my day so much better,2
"It's a typical Monday, nothing unusual happened at work.",1
the product worked perfectly and the team was incredibly helpful,2
"the course was typical, nothing special but nothing wrong either",1
this concert is broken and ruined my entire day,0
this plot is fabulous and made my day so much better,2
"I'm furious, the camera is horrible and a total waste of money",0
"ugh this camera is mediocre, fell short of every expectation",0
"what a excellent meeting, I would definitely recommend it to everyone",2
I can't believe how subpar that concert was,0
this design is flawless and made my day so much better,2
I can't stop smiling after that excellent film,2
"an unremarkable design overall, neither impressed nor disappointed",1
"absolutely broken car, worst experience I've had in a while",0
"absolutely charming car, best experience I've had in a while",2
"I'm impressed, the presentation is terrific and worth every penny",2
"the traffic was flawless, I loved every moment of it",2
"the plot was annoying, slow, and nothing like what I expected",0
"I finally passed my exam, so relieved and proud of myself!",2
"such a horrible experience, everything went wrong from start to finish",0
"it's an ordinary hotel, does the job without any surprises",1
I can't believe how atrocious that album was,0
"the user interface was so-so, nothing special but nothing wrong either",1
"I'm furious, the restaurant is mediocre and a total waste of money",0
"The hotel room was average, clean but nothing memorable.",1
the wonderful trip left me feeling grateful and satisfied,2
"terrible job on the team, it was mediocre from start to end",0
I can't stop smiling after that refreshing design,2
"the service is standard, might try it again, might not",1
"the course is standard, might try it again, might not",1
"the traffic was lousy, slow, and nothing like what I expected",0
this flight is charming and made my day so much better,2
"it was an unremarkable website, similar to what I've seen before",1
"The chef outdid himself tonight, every dish was incredible.",2
"what a superb book, I would definitely recommend it to everyone",2
this apartment is charming and made my day so much better,2
"it's an so-so performance, does the job without any surprises",1
"the meeting was broken, I regret trying it",0
"the plot was atrocious, slow, and nothing like what I expected",0
"the apartment was incredible, I loved every moment of it",2
the awful camera left me feeling frustrated and let down,0
"such a lousy concert, everything went wrong from start to finish",0
I can't believe how overpriced that apartment was,0
the awful neighborhood left me feeling frustrated and let down,0
this film is incredible and made my day so much better,2
The new update fixed everything and the app runs so smoothly now.,2
"thank you so much, the performance made me so happy today",2
"such a terrific laptop, everything went smoothly from start to finish",2
"I have no strong opinion, the song was just decent",1
"what a brilliant meeting, I would definitely recommend it to everyone",2
"the internet functioned as described, it was unremarkable",1
"the phone was wonderful, I loved every moment of it",2
"the design was charming, I loved every moment of it",2
"such a subpar team, everything went wrong from start to finish",0
"absolutely awful experience, worst experience I've had in a while",0
"the gym is average, might try it again, might not",1
"the restaurant met the basic requirements, nothing more nothing less",1
"the phone was amazing, quick, and exactly what I needed",2
"I'm so upset, the film ruined my whole day",0
"the user interface was delightful, quick, and exactly what I needed",2
"Rude staff, slow service, and the order was completely wrong.",0
"I'm impressed, the phone is awesome and worth every penny",2
"this book is unremarkable, some parts were good and some were not",1
"absolutely atrocious show, worst experience I've had in a while",0
"it was an standard presentation, similar to what I've seen before",1
"the update functioned as described, it was acceptable",1
The app keeps crashing and I've lost all my saved data.,0
"I'm so upset, the software ruined my whole day",0
"I have no strong opinion, the story was just average",1
"what a top-notch album, I would definitely recommend it to everyone",2
"the customer support is so-so, might try it again, might not",1
"the product was superb, I loved every moment of it",2
"the battery life was wonderful, I loved every moment of it",2
the weather today stopped working and support was completely unhelpful,0
"I'm impressed, the gym is outstanding and worth every penny",2
"the concert was decent, I'm still deciding how I feel about it",1
this meal is unreliable and ruined my entire day,0
"such a awful camera, everything went wrong from start to finish",0
the delivery stopped working and support was completely unhelpful,0
"the neighborhood was standard, I have mixed feelings about it",1
"the neighborhood was wonderful, quick, and exactly what I needed",2
"the apartment was unremarkable, I'm still deciding how I feel about it",1
"I have no strong opinion, the film was just fine",1
"absolutely fabulous concert, best experience I've had in a while",2
"the meal was unremarkable, I have mixed feelings about it",1
"the app was mediocre, slow, and nothing like what I expected",0
"thank you so much, the user interface made me so happy today",2
the pathetic flight left me feeling frustrated and let down,0
this phone is top-notch and made my day so much better,2
"what a impressive story, I would definitely recommend it to everyone",2
"the design was decent, I'm still deciding how I feel about it",1
the fabulous product left me feeling grateful and satisfied,2
"the gym was standard, I'm still deciding how I feel about it",1
"I'm impressed, the song is delightful and worth every penny",2
"the meal was poor, I regret trying it",0
I can't believe how subpar that customer support was,0
"such a annoying game, everything went wrong from start to finish",0
this app is excellent and made my day so much better,2
this trip is refreshing and made my day so much better,2
"the book was average, I'm still deciding how I feel about it",1
"Highly recommend this place, the ambiance and food were fantastic.",2
this laptop is excellent and made my day so much better,2
"great job on the app, it was terrific from start to end",2
"the phone arrived on time, it was acceptable overall",1
"I have no strong opinion, the team was just fair",1
"the product was poor, I regret trying it",0
"absolutely useless internet, worst experience I've had in a while",0
"the plot arrived on time, it was so-so overall",1
The delivery arrived early and everything was perfectly packaged.,2
"the presentation was ordinary, I'm still deciding how I feel about it",1
"this software is average, some parts were good and some were not",1
"I'm furious, the movie is sluggish and a total waste of money",0
I can't believe how unbearable that website was,0
"what a amazing design, I would definitely recommend it to everyone",2
"the song is fair, might try it again, might not",1
"the show was impressive, quick, and exactly what I needed",2
"I have no strong opinion, the app was just so-so",1
"Worst meal I've had in years, definitely not coming back here.",0
"it's an typical restaurant, does the job without any surprises",1
"I have no strong opinion, the presentation was just acceptable",1
"wow this concert is wonderful, exceeded all my expectations",2
I can't believe how sluggish that gym was,0
"the presentation was frustrating, slow, and nothing like what I expected",0
"I'm furious, the neighborhood is confusing and a total waste of money",0
"the presentation was phenomenal, I loved every moment of it",2
"the flight was confusing, slow, and nothing like what I expected",0
"the song was unremarkable, I'm still deciding how I feel about it",1
"it's an typical song, does the job without any surprises",1
"the app was typical, I'm still deciding how I feel about it",1
The book has an interesting premise but a slow middle section.,1
"it's an average presentation, does the job without any surprises",1
"absolutely unreliable movie, worst experience I've had in a while",0
"the book was useless, slow, and nothing like what I expected",0
"this car is fair, some parts were good and some were not",1
"absolutely terrific concert, best experience I've had in a while",2
"the app is ordinary, might try it again, might not",1
"I have no strong opinion, the film was just ordinary",1
"the website was ordinary, I have mixed feelings about it",1
"it's an typical user interface, does the job without any surprises",1
I can't stop smiling after that charming game,2
"absolutely pathetic hotel, worst experience I've had in a while",0
"ugh this meeting is lousy, fell short of every expectation",0
the useless hotel left me feeling frustrated and let down,0
"the gym was charming, I loved every moment of it",2
I can't stop smiling after that brilliant class,2
"it was an okay battery life, similar to what I've seen before",1
"thank you so much, the update made me so happy today",2
"thank you so much, the book made me so happy today",2
"terrible job on the presentation, it was annoying from start to end",0
"terrible job on the ending, it was mediocre from start to end",0
"the class was wonderful, quick, and exactly what I needed",2
"I have no strong opinion, the internet was just typical",1
the atrocious weather today left me feeling frustrated and let down,0
"I have no strong opinion, the car was just average",1
"it was an okay experience, similar to what I've seen before",1
"The product broke after just two days, total waste of money.",0
"the movie was fabulous, I loved every moment of it",2
"great job on the design, it was fabulous from start to end",2
"I'm so upset, the book ruined my whole day",0
"terrible job on the show, it was confusing from start to end",0
"an okay internet overall, neither impressed nor disappointed",1
"the weather today was decent, I have mixed feelings about it",1
"the experience arrived on time, it was unremarkable overall",1
this traffic is phenomenal and made my day so much better,2
"absolutely unbearable meal, worst experience I've had in a while",0
"I have no strong opinion, the apartment was just ordinary",1
"I'm impressed, the movie is impressive and worth every penny",2
"the coffee was unreliable, I regret trying it",0
"thank you so much, the class made me so happy today",2
"such a top-notch gym, everything went smoothly from start to finish",2
"Our vacation exceeded every expectation, we can't wait to go back.",2
"absolutely subpar course, worst experience I've had in a while",0
"this performance is average, some parts were good and some were not",1
"absolutely broken album, worst experience I've had in a while",0
"absolutely delightful team, best experience I've had in a while",2
"the flight was unbearable, slow, and nothing like what I expected",0
"it was an so-so website, similar to what I've seen before",1
"what a charming experience, I would definitely recommend it to everyone",2
"the update was fine, nothing special but nothing wrong either",1
"Such a heartwarming film, I laughed and cried the whole way through.",2
the horrible book left me feeling frustrated and let down,0
"I have no strong opinion, the book was just fine",1
"terrible job on the neighborhood, it was broken from start to end",0
"it's an average course, does the job without any surprises",1
"what a refreshing presentation, I would definitely recommend it to everyone",2
"absolutely horrible film, worst experience I've had in a while",0
"the course arrived on time, it was ordinary overall",1
"thank you so much, the app made me so happy today",2
"the meal arrived on time, it was acceptable overall",1
"it was an fine restaurant, similar to what I've seen before",1
"absolutely overpriced movie, worst experience I've had in a while",0
"ugh this meeting is subpar, fell short of every expectation",0
"what a amazing presentation, I would definitely recommend it to everyone",2
the useless restaurant left me feeling frustrated and let down,0
"I'm really disappointed with this neighborhood, it did not meet expectations",0
"absolutely unreliable trip, worst experience I've had in a while",0
"what a confusing internet, I would not recommend it to anyone",0
"absolutely pathetic update, worst experience I've had in a while",0
the refreshing user interface left me feeling grateful and satisfied,2
"the apartment was ordinary, I'm still deciding how I feel about it",1
"Traffic was horrendous today, sat in my car for two hours.",0
"an fine delivery overall, neither impressed nor disappointed",1
the superb software left me feeling grateful and satisfied,2
"absolutely atrocious story, worst experience I've had in a while",0
"ugh this software is atrocious, fell short of every expectation",0
"terrible job on the customer support, it was pathetic from start to end",0
"absolutely useless software, worst experience I've had in a while",0
"thank you so much, the software made me so happy today",2
I can't stop smiling after that excellent story,2
"the meeting was atrocious, I regret trying it",0
I can't believe how unreliable this software has become lately.,0
"terrible job on the meeting, it was poor from start to end",0
"great job on the flight, it was brilliant from start to end",2
this film is confusing and ruined my entire day,0
"absolutely excellent product, best experience I've had in a while",2
"The new phone camera takes stunning photos, love it.",2
"the battery life was disappointing, I regret trying it",0
"the design was typical, nothing special but nothing wrong either",1
"the hotel functioned as described, it was unremarkable",1
"the presentation is fair, might try it again, might not",1
"the presentation arrived on time, it was so-so overall",1
"great job on the gym, it was flawless from start to end",2
"The restaurant serves standard Italian food, similar to most places.",1
"the team was delightful, quick, and exactly what I needed",2
"thank you so much, the apartment made me so happy today",2
the update stopped working and support was completely unhelpful,0
"I'm really disappointed with this gym, it did not meet expectations",0
"absolutely frustrating plot, worst experience I've had in a while",0
the show worked perfectly and the team was incredibly helpful,2
the subpar app left me feeling frustrated and let down,0
the frustrating design left me feeling frustrated and let down,0
"The food was cold and tasteless, we will never go back.",0
"the experience arrived on time, it was so-so overall",1
"it was an fair presentation, similar to what I've seen before",1
"such a wonderful battery life, everything went smoothly from start to finish",2
"it's an average car, does the job without any surprises",1
"Five stars, would buy again without hesitation.",2
"what a frustrating team, I would not recommend it to anyone",0
"The movie was okay, not great but not terrible either.",1
"this customer support is ordinary, some parts were good and some were not",1
"the story was fine, I'm still deciding how I feel about it",1
"Great value for the price, exceeded my expectations completely.",2
this delivery is excellent and made my day so much better,2
"I'm so upset, the meal ruined my whole day",0
"the show was so-so, I'm still deciding how I feel about it",1
"the apartment was okay, I have mixed feelings about it",1
the weather today worked perfectly and the team was incredibly helpful,2
"the hotel was impressive, quick, and exactly what I needed",2
"wow this design is charming, exceeded all my expectations",2
"terrible job on the film, it was pathetic from start to end",0
"it's an okay coffee, does the job without any surprises",1
"an unremarkable website overall, neither impressed nor disappointed",1
"ugh this phone is mediocre, fell short of every expectation",0
"I'm so upset, the battery life ruined my whole day",0
"the game is decent, might try it again, might not",1
The course covers the basics of the subject in six weeks.,1
"the class is decent, might try it again, might not",1
"the concert functioned as described, it was acceptable",1
"wow this delivery is terrific, exceeded all my expectations",2
"the hotel met the basic requirements, nothing more nothing less",1
"thank you so much, the album made me so happy today",2
"the team was broken, slow, and nothing like what I expected",0
"the presentation is ordinary, might try it again, might not",1
this neighborhood is incredible and made my day so much better,2
the story stopped working and support was completely unhelpful,0
the atrocious story left me feeling frustrated and let down,0
"I have no strong opinion, the plot was just fair",1
"I'm really disappointed with this design, it did not meet expectations",0
"an unremarkable traffic overall, neither impressed nor disappointed",1
"the hotel was okay, I'm still deciding how I feel about it",1
"the story functioned as described, it was acceptable",1
the terrific internet left me feeling grateful and satisfied,2
the phenomenal user interface left me feeling grateful and satisfied,2
"the movie was decent, nothing special but nothing wrong either",1
"The concert was a disaster, terrible sound and the artist left early.",0
"I'm really disappointed with this ending, it did not meet expectations",0
"absolutely disappointing update, worst experience I've had in a while",0
"I'm furious, the car is lousy and a total waste of money",0
"such a unreliable restaurant, everything went wrong from start to finish",0
"what a amazing meal, I would definitely recommend it to everyone",2
"ugh this course is terrible, fell short of every expectation",0
the overpriced movie left me feeling frustrated and let down,0
"this app is fine, some parts were good and some were not",1
I can't stop smiling after that wonderful car,2
"the album arrived on time, it was decent overall",1
"I have no strong opinion, the book was just typical",1
"I'm really disappointed with this user interface, it did not meet expectations",0
"I'm really happy with this hotel, it exceeded my expectations",2
"great job on the gym, it was amazing from start to end",2
"I'm really disappointed with this apartment, it did not meet expectations",0
"the delivery was decent, nothing special but nothing wrong either",1
"the website was remarkable, I loved every moment of it",2
"I have no strong opinion, the restaurant was just ordinary",1
"terrible job on the service, it was annoying from start to end",0
"it's an typical album, does the job without any surprises",1
"such a superb coffee, everything went smoothly from start to finish",2
"the book is fine, might try it again, might not",1
"The service was fine, no complaints but nothing stood out either.",1
"terrible job on the film, it was horrible from start to end",0
"the update was top-notch, quick, and exactly what I needed",2
the song worked perfectly and the team was incredibly helpful,2
"the story was ordinary, nothing special but nothing wrong either",1
this phone is dreadful and ruined my entire day,0
"I have no strong opinion, the game was just ordinary",1
"the plot was average, nothing special but nothing wrong either",1
"an so-so concert overall, neither impressed nor disappointed",1
this gym is lousy and ruined my entire day,0
"the team was acceptable, nothing special but nothing wrong either",1
"I'm impressed, the album is outstanding and worth every penny",2
"the delivery was average, I have mixed feelings about it",1
"the product met the basic requirements, nothing more nothing less",1
the traffic stopped working and support was completely unhelpful,0
"great job on the trip, it was refreshing from start to end",2
"thank you so much, the car made me so happy today",2
the mediocre update left me feeling frustrated and let down,0
"I'm so proud of the team, we crushed our quarterly goals.",2
"the neighborhood was awful, I regret trying it",0
"such a subpar gym, everything went wrong from start to finish",0
"I'm so upset, the weather today ruined my whole day",0
"such a mediocre delivery, everything went wrong from start to finish",0
"the meal was atrocious, slow, and nothing like what I expected",0
"I'm impressed, the book is terrific and worth every penny",2
this hotel is unbearable and ruined my entire day,0
the class worked perfectly and the team was incredibly helpful,2
"the trip was phenomenal, quick, and exactly what I needed",2
"This phone has the features I need, nothing extra though.",1
"the performance was wonderful, I loved every moment of it",2
"the laptop was standard, I'm still deciding how I feel about it",1
"what a mediocre presentation, I would not recommend it to anyone",0
"terrible job on the phone, it was unreliable from start to end",0
"such a charming service, everything went smoothly from start to finish",2
"thank you so much, the restaurant made me so happy today",2
"great job on the game, it was terrific from start to end",2
"the book met the basic requirements, nothing more nothing less",1
The report covers sales figures for the last three quarters.,1
"such a frustrating product, everything went wrong from start to finish",0
the broken hotel left me feeling frustrated and let down,0
"The team met the deadline, results were within expected range.",1
"the design functioned as described, it was fine",1
"the performance is unremarkable, might try it again, might not",1
the wonderful movie left me feeling grateful and satisfied,2
"this experience is typical, some parts were good and some were not",1
"the camera is typical, might try it again, might not",1
"the class was fair, I have mixed feelings about it",1
"wow this update is terrific, exceeded all my expectations",2
"the neighborhood met the basic requirements, nothing more nothing less",1
"this delivery is fine, some parts were good and some were not",1
I can't stop smiling after that wonderful neighborhood,2
"such a annoying experience, everything went wrong from start to finish",0
this ending is awesome and made my day so much better,2
"it's an so-so apartment, does the job without any surprises",1
"the website was outstanding, quick, and exactly what I needed",2
the excellent movie left me feeling grateful and satisfied,2
"wow this software is awesome, exceeded all my expectations",2
the impressive neighborhood left me feeling grateful and satisfied,2
"what a overpriced battery life, I would not recommend it to anyone",0
"The staff were friendly, attentive, and made us feel so welcome.",2
"the phone was great, I loved every moment of it",2
"absolutely useless camera, worst experience I've had in a while",0
"I'm impressed, the concert is refreshing and worth every penny",2
"the gym met the basic requirements, nothing more nothing less",1
"wow this meeting is refreshing, exceeded all my expectations",2
"such a sluggish apartment, everything went wrong from start to finish",0
"I'm really disappointed with this car, it did not meet expectations",0
"I'm impressed, the story is phenomenal and worth every penny",2
"I'm furious, the traffic is poor and a total waste of money",0
The presentation covered the quarterly numbers as planned.,1
"this laptop is fine, some parts were good and some were not",1
"the car functioned as described, it was fine",1
"it's an so-so trip, does the job without any surprises",1
"an okay trip overall, neither impressed nor disappointed",1
this phone is subpar and ruined my entire day,0
the delivery worked perfectly and the team was incredibly helpful,2
"the design was great, quick, and exactly what I needed",2
"what a unreliable book, I would not recommend it to anyone",0
"the delivery was phenomenal, quick, and exactly what I needed",2
"the song was brilliant, quick, and exactly what I needed",2
I can't believe how atrocious that delivery was,0
"the product arrived on time, it was ordinary overall",1
"such a impressive restaurant, everything went smoothly from start to finish",2
this song is pathetic and ruined my entire day,0
"the laptop was fair, I'm still deciding how I feel about it",1
"such a delightful meal, everything went smoothly from start to finish",2
"the software was ordinary, I'm still deciding how I feel about it",1
"The concert last night was pure magic, unforgettable night.",2
"I'm so upset, the story ruined my whole day",0
the film worked perfectly and the team was incredibly helpful,2
the top-notch apartment left me feeling grateful and satisfied,2
I can't believe how broken that camera was,0
"such a terrible meeting, everything went wrong from start to finish",0
"such a useless user interface, everything went wrong from start to finish",0
The plot made no sense and the acting was painfully bad.,0
The store is open from nine in the morning until six in the evening.,1
"great job on the story, it was superb from start to end",2
"The meeting was a complete waste of time, nothing got decided.",0
"the app was great, quick, and exactly what I needed",2
"the hotel arrived on time, it was fine overall",1
"the flight arrived on time, it was fine overall",1
"ugh this flight is horrible, fell short of every expectation",0
I can't stop smiling after that phenomenal customer support,2
"the concert arrived on time, it was fine overall",1
"the software functioned as described, it was ordinary",1
this class is fabulous and made my day so much better,2
"the user interface functioned as described, it was acceptable",1
"the website was standard, nothing special but nothing wrong either",1
"the update was fantastic, I loved every moment of it",2
"the game was annoying, I regret trying it",0
the wonderful service left me feeling grateful and satisfied,2
"absolutely sluggish traffic, worst experience I've had in a while",0
I can't believe how atrocious that battery life was,0
"the phone was so-so, I have mixed feelings about it",1
"I'm really happy with this show, it exceeded my expectations",2
"thank you so much, the coffee made me so happy today",2
"I'm really happy with this meal, it exceeded my expectations",2
"this plot is so-so, some parts were good and some were not",1
I can't believe how annoying that weather today was,0
this restaurant is fantastic and made my day so much better,2
I can't believe how overpriced that car was,0
"the app was awful, slow, and nothing like what I expected",0
"the story was incredible, quick, and exactly what I needed",2
"the plot was awful, slow, and nothing like what I expected",0
"the traffic is fine, might try it again, might not",1
"such a sluggish course, everything went wrong from start to finish",0
"terrible job on the concert, it was dreadful from start to end",0
"absolutely overpriced performance, worst experience I've had in a while",0
The package arrived on the estimated delivery date.,1
"the course was typical, I'm still deciding how I feel about it",1
"an okay software overall, neither impressed nor disappointed",1
"I'm really disappointed with this movie, it did not meet expectations",0
"the car was great, quick, and exactly what I needed",2
"the trip arrived on time, it was decent overall",1
the confusing plot left me feeling frustrated and let down,0
the internet worked perfectly and the team was incredibly helpful,2
"the experience was okay, I have mixed feelings about it",1
this gym is atrocious and ruined my entire day,0
"this neighborhood is decent, some parts were good and some were not",1
"absolutely horrible story, worst experience I've had in a while",0
"Best purchase I've made all year, works flawlessly!",2
"the experience was so-so, I'm still deciding how I feel about it",1
"the song was subpar, slow, and nothing like what I expected",0
"the show met the basic requirements, nothing more nothing less",1
"absolutely pathetic product, worst experience I've had in a while",0
this coffee is fantastic and made my day so much better,2
"it's an fair class, does the job without any surprises",1
"absolutely terrific traffic, best experience I've had in a while",2
"I'm so upset, the website ruined my whole day",0
"what a impressive product, I would definitely recommend it to everyone",2
"this neighborhood is fine, some parts were good and some were not",1
"an average album overall, neither impressed nor disappointed",1
This laptop overheats constantly and the battery barely lasts an hour.,0
"the camera functioned as described, it was unremarkable",1
"absolutely terrific story, best experience I've had in a while",2
the story worked perfectly and the team was incredibly helpful,2
"I'm really disappointed with this film, it did not meet expectations",0
"the user interface functioned as described, it was okay",1
"absolutely remarkable trip, best experience I've had in a while",2
"I'm impressed, the laptop is remarkable and worth every penny",2
"the ending was fair, I have mixed feelings about it",1
"absolutely excellent game, best experience I've had in a while",2
"the design was so-so, I'm still deciding how I feel about it",1
the trip stopped working and support was completely unhelpful,0
"the gym functioned as described, it was average",1
"I'm really happy with this user interface, it exceeded my expectations",2
"the apartment is ordinary, might try it again, might not",1
"the website is so-so, might try it again, might not",1
This is hands down the best coffee shop in town.,2
"absolutely phenomenal course, best experience I've had in a while",2
the awful apartment left me feeling frustrated and let down,0
"I have no strong opinion, the book was just fair",1
"an standard software overall, neither impressed nor disappointed",1
"this car is unremarkable, some parts were good and some were not",1
"ugh this internet is broken, fell short of every expectation",0
"the story was charming, I loved every moment of it",2
"the show functioned as described, it was unremarkable",1
the dreadful software left me feeling frustrated and let down,0
the album stopped working and support was completely unhelpful,0
"I'm thrilled with how the project turned out, great teamwork everyone!",2
"the book was so-so, I'm still deciding how I feel about it",1
the unbearable traffic left me feeling frustrated and let down,0
"great job on the laptop, it was brilliant from start to end",2
the excellent service left me feeling grateful and satisfied,2
this delivery is incredible and made my day so much better,2
"the class was fine, nothing special but nothing wrong either",1
the annoying movie left me feeling frustrated and let down,0
The course was disorganized and the instructor never answered questions.,0
"it's an unremarkable gym, does the job without any surprises",1
"it was an acceptable show, similar to what I've seen before",1
"terrible job on the design, it was awful from start to end",0
"wow this book is charming, exceeded all my expectations",2
"great job on the experience, it was phenomenal from start to end",2
"absolutely great laptop, best experience I've had in a while",2
"ugh this game is subpar, fell short of every expectation",0
"it was an average show, similar to what I've seen before",1
"It's an average camera, good enough for casual photos.",1
I can't stop smiling after that impressive coffee,2
the delightful restaurant left me feeling grateful and satisfied,2
"I'm really disappointed with this restaurant, it did not meet expectations",0
the annoying flight left me feeling frustrated and let down,0
the charming restaurant left me feeling grateful and satisfied,2
"terrible job on the coffee, it was sluggish from start to end",0
"I'm really disappointed with this plot, it did not meet expectations",0
"the coffee was fabulous, I loved every moment of it",2
"the phone is fine, might try it again, might not",1
"wow this software is refreshing, exceeded all my expectations",2
"the design is average, might try it again, might not",1
"I'm really happy with this team, it exceeded my expectations",2
"Customer service went above and beyond to help me, so grateful.",2
"absolutely top-notch game, best experience I've had in a while",2
"the phone is standard, might try it again, might not",1
"the app is average, might try it again, might not",1
"the camera was okay, nothing special but nothing wrong either",1
"the concert was terrific, I loved every moment of it",2
"the apartment arrived on time, it was acceptable overall",1
"the class was confusing, slow, and nothing like what I expected",0
"such a unreliable car, everything went wrong from start to finish",0
"such a wonderful update, everything went smoothly from start to finish",2
"Extremely disappointed with the quality, it looks nothing like the pictures.",0
"the weather today was so-so, I have mixed feelings about it",1
"it's an average hotel, does the job without any surprises",1
I can't stop smiling after that superb hotel,2
I can't stop smiling after that incredible customer support,2
"thank you so much, the gym made me so happy today",2
"I'm so upset, the ending ruined my whole day",0
"ugh this team is annoying, fell short of every expectation",0
"what a mediocre team, I would not recommend it to anyone",0
"The hotel room was dirty and smelled awful, ruined our trip.",0
"the internet was unremarkable, I'm still deciding how I feel about it",1
"it was an standard camera, similar to what I've seen before",1
"wow this car is charming, exceeded all my expectations",2
"thank you so much, the show made me so happy today",2
"I have no strong opinion, the software was just so-so",1
"I'm furious, the album is lousy and a total waste of money",0
the subpar book left me feeling frustrated and let down,0
"an unremarkable ending overall, neither impressed nor disappointed",1
this flight is top-notch and made my day so much better,2
the superb service left me feeling grateful and satisfied,2
"the update was so-so, I'm still deciding how I feel about it",1
"the book was unbearable, I regret trying it",0
the broken album left me feeling frustrated and let down,0
"terrible job on the camera, it was poor from start to end",0
I can't believe how horrible that show was,0
"the album was charming, quick, and exactly what I needed",2
"absolutely excellent story, best experience I've had in a while",2
this weather today is fabulous and made my day so much better,2
"the meal was so-so, I'm still deciding how I feel about it",1
I can't stop smiling after that great product,2
"the ending was charming, quick, and exactly what I needed",2
the plot worked perfectly and the team was incredibly helpful,2
"an okay apartment overall, neither impressed nor disappointed",1
"what a dreadful meal, I would not recommend it to anyone",0
"the neighborhood was mediocre, slow, and nothing like what I expected",0
"I'm really happy with this delivery, it exceeded my expectations",2
"thank you so much, the flight made me so happy today",2
"I'm furious, the team is broken and a total waste of money",0
"the neighborhood arrived on time, it was average overall",1
The weather today is partly cloudy with a chance of rain.,1
"such a fantastic hotel, everything went smoothly from start to finish",2
"it was an average phone, similar to what I've seen before",1
"I'm so upset, the song ruined my whole day",0
"the software functioned as described, it was so-so",1
"absolutely terrific product, best experience I've had in a while",2
this laptop is overpriced and ruined my entire day,0
"the product was standard, nothing special but nothing wrong either",1
"I'm so upset, the internet ruined my whole day",0
"ugh this laptop is broken, fell short of every expectation",0
"such a subpar phone, everything went wrong from start to finish",0
"the song was incredible, quick, and exactly what I needed",2
this course is incredible and made my day so much better,2
"absolutely unreliable user interface, worst experience I've had in a while",0
"What a beautiful sunny day, perfect for a walk in the park.",2
"it's an fair update, does the job without any surprises",1
"great job on the traffic, it was phenomenal from start to end",2
"an unremarkable car overall, neither impressed nor disappointed",1
"the delivery functioned as described, it was average",1
"I'm impressed, the team is delightful and worth every penny",2
"I'm really disappointed with this course, it did not meet expectations",0
"great job on the album, it was terrific from start to end",2
I can't believe how broken that film was,0
"the restaurant is fine, might try it again, might not",1
"I have no strong opinion, the apartment was just average",1
"the website arrived on time, it was fine overall",1
"the update is so-so, might try it again, might not",1
It's a decent laptop for basic tasks like browsing and email.,1
"I'm really disappointed with this album, it did not meet expectations",0
"the hotel was poor, slow, and nothing like what I expected",0
"this album is okay, some parts were good and some were not",1
"what a horrible trip, I would not recommend it to anyone",0
"the plot functioned as described, it was standard",1
"terrible job on the performance, it was useless from start to end",0
"thank you so much, the design made me so happy today",2
this hotel is pathetic and ruined my entire day,0
"I'm so upset, the product ruined my whole day",0
"I'm impressed, the meeting is charming and worth every penny",2
"I regret watching this movie, it was boring and way too long.",0
I can't believe how overpriced that phone was,0
"such a remarkable camera, everything went smoothly from start to finish",2
"it's an typical phone, does the job without any surprises",1
The meeting is scheduled for 3pm tomorrow in the main conference room.,1
"the service arrived on time, it was fine overall",1
"the story met the basic requirements, nothing more nothing less",1
"what a sluggish team, I would not recommend it to anyone",0
The flight departed and landed on schedule.,1
"absolutely confusing weather today, worst experience I've had in a while",0
"the camera was subpar, I regret trying it",0
this laptop is refreshing and made my day so much better,2
"I'm impressed, the internet is fabulous and worth every penny",2
I was overcharged and support refuses to give me a refund.,0
the terrific performance left me feeling grateful and satisfied,2
"what a awful class, I would not recommend it to anyone",0
the design worked perfectly and the team was incredibly helpful,2
"an okay customer support overall, neither impressed nor disappointed",1
"the team was remarkable, I loved every moment of it",2
"great job on the laptop, it was delightful from start to end",2
"such a incredible experience, everything went smoothly from start to finish",2
"this meal is average, some parts were good and some were not",1
"the story was unremarkable, nothing special but nothing wrong either",1
"it's an decent apartment, does the job without any surprises",1
"I'm impressed, the laptop is incredible and worth every penny",2
"an typical battery life overall, neither impressed nor disappointed",1
the user interface stopped working and support was completely unhelpful,0
"the weather today is acceptable, might try it again, might not",1
"terrible job on the service, it was dreadful from start to end",0
"the game was terrific, quick, and exactly what I needed",2
"the car was delightful, quick, and exactly what I needed",2
"ugh this update is confusing, fell short of every expectation",0
"it was an ordinary app, similar to what I've seen before",1
"the traffic was charming, I loved every moment of it",2
"this experience is ordinary, some parts were good and some were not",1
This book kept me hooked until the very last page.,2
I'm not sure how I feel about the new update yet.,1
"such a poor hotel, everything went wrong from start to finish",0
"I'm so frustrated, the website crashes every time I try to checkout.",0
"absolutely terrible apartment, worst experience I've had in a while",0
"The app works as described, does what it says.",1
"terrible job on the product, it was lousy from start to end",0
the presentation stopped working and support was completely unhelpful,0
the overpriced plot left me feeling frustrated and let down,0
"the laptop functioned as described, it was typical",1
the brilliant phone left me feeling grateful and satisfied,2
"the laptop was okay, nothing special but nothing wrong either",1
"I'm so upset, the restaurant ruined my whole day",0
the remarkable website left me feeling grateful and satisfied,2
"the software is ordinary, might try it again, might not",1
Package arrived damaged and customer support has ignored my emails.,0
"this book is so-so, some parts were good and some were not",1
"the film is typical, might try it again, might not",1
"the game was fair, I have mixed feelings about it",1
"what a refreshing meeting, I would definitely recommend it to everyone",2
"ugh this class is unbearable, fell short of every expectation",0
"the update arrived on time, it was fair overall",1
the camera worked perfectly and the team was incredibly helpful,2
My flight got delayed for six hours with zero communication from the airline.,0
This is the worst customer service I have ever experienced.,0
"the software was superb, quick, and exactly what I needed",2
the awful plot left me feeling frustrated and let down,0
"the service was ordinary, I'm still deciding how I feel about it",1
"such a disappointing story, everything went wrong from start to finish",0
"absolutely frustrating apartment, worst experience I've had in a while",0
"the team functioned as described, it was typical",1
"wow this class is superb, exceeded all my expectations",2
the annoying album left me feeling frustrated and let down,0
this website is mediocre and ruined my entire day,0
this plot is superb and made my day so much better,2
"I'm so upset, the concert ruined my whole day",0
"it's an average design, does the job without any surprises",1
"the trip was standard, nothing special but nothing wrong either",1
"I have no strong opinion, the show was just okay",1
"absolutely top-notch product, best experience I've had in a while",2
"this coffee is fair, some parts were good and some were not",1
"the internet was average, I have mixed feelings about it",1
